json_file,node_size,avg_edges_per_node,time_load,shortest_path,TSP,center_point
50.json,50,17.44,0.004987478256225586,0.004986286163330078,0.058862924575805664,0.06782031059265137
100.json,100,20.28,0.009973287582397461,0.01795196533203125,0.25531721115112305,0.629317045211792
500.json,500,20.188,0.03490591049194336,0.4637598991394043,27.387763261795044,74.50180315971375
800.json,800,20.215,0.026957035064697266,1.131943941116333,375.72969794273376,303.5323295593262
